source,target,status
https://www.properaccess.nl/blog/overlay-tools-accessibe-userway-wcag/,https://www.properaccess.nl/blog/overlay-toegankelijkheidstools-lossen-ze-echt-iets-op/,301
https://www.properaccess.nl/hoe-test-ik-contrast-van-focusmarkering/,https://www.properaccess.nl/blog/hoe-test-ik-focus-zichtbaarheid/,301
https://www.properaccess.nl/hoe-test-je-teksten-op-wcag-1-4-12-tekstafstand-vergroten/,https://www.properaccess.nl/blog/sc-1-4-12-wat-betekent-tekstafstand/,301
https://www.properaccess.nl/hoe-toegankelijk-zijn-offertes-in-pdf-formaat/,https://www.properaccess.nl/tools/pdf-checker/,301
https://www.properaccess.nl/instructie-pdfs-testen-met-pac-2024/,https://www.properaccess.nl/tools/pdf-checker/,301
https://www.properaccess.nl/moet-mijn-webwinkel-voldoen-aan-de-toegankelijkheidswet-eaa/,https://www.properaccess.nl/blog/geldt-de-eaa-voor-mijn-webshop/,301
https://www.properaccess.nl/waarom-is-het-belangrijk-om-koppen-als-kopteksten-op-te-maken/,https://www.properaccess.nl/academy/structuur-en-semantiek/koppen/,301
https://www.properaccess.nl/wcag/,https://www.properaccess.nl/blog/wat-is-wcag/,301
https://www.properaccess.nl/author/julia_a11y/,https://www.properaccess.nl/authors/julia/,301
https://www.properaccess.nl/algemene-voorwaarden-onderzoeksbureau-proper-access/,https://www.properaccess.nl/algemene-voorwaarden/,301
https://www.properaccess.nl/cases/,https://www.properaccess.nl/klanten/,301
https://www.properaccess.nl/coole-mensen-in-digitale-toegankelijkheid/,https://www.properaccess.nl/bijzondere-initiatieven/,301
https://www.properaccess.nl/home/,https://www.properaccess.nl/,301
https://www.properaccess.nl/partners/,https://www.properaccess.nl/samenwerken-proper-access/,301
https://www.properaccess.nl/partnerschap-proper-access/,https://www.properaccess.nl/samenwerken-proper-access/,301
https://www.properaccess.nl/team/,https://www.properaccess.nl/wiezijnwij/,301
https://www.properaccess.nl/toegankelijkheid-van-onze-website/,https://www.properaccess.nl/toegankelijkheidsverklaring/,301
https://www.properaccess.nl/toegankelijkheid_politieke_partijen/,https://www.properaccess.nl/bijzondere-initiatieven/,301
https://www.properaccess.nl/audit-digitale-toegankelijkheid/,https://www.properaccess.nl/toegankelijkheidsaudit/,301
https://www.properaccess.nl/auditbureau-digitale-toegankelijkheid/onze-klanten/,https://www.properaccess.nl/klanten/,301
https://www.properaccess.nl/consultancy-voor-devteams/,https://www.properaccess.nl/training-devteams/,301
https://www.properaccess.nl/content-onderzoek-digitale-toegankelijkheid/,https://www.properaccess.nl/contentaudit/,301
https://www.properaccess.nl/onderzoek/,https://www.properaccess.nl/toegankelijkheidsonderzoek/,301
https://www.properaccess.nl/onderzoeksbureau-digitale-toegankelijkheid/,https://www.properaccess.nl/auditbureau-digitale-toegankelijkheid/,301
https://www.properaccess.nl/onderzoeksbureau-digitale-toegankelijkheid/onze-klanten/,https://www.properaccess.nl/klanten/,301
https://www.properaccess.nl/onze-diensten/,https://www.properaccess.nl/diensten/,301
https://www.properaccess.nl/oplossingen-voor/,https://www.properaccess.nl/diensten/,301
https://www.properaccess.nl/quick-scan/,https://www.properaccess.nl/webshop-quickscan/,301
https://www.properaccess.nl/quickscan-digitale-toegankelijkheid/,https://www.properaccess.nl/webshop-quickscan/,301
https://www.properaccess.nl/services-digitale-toegankelijkheid/,https://www.properaccess.nl/diensten/,301
https://www.properaccess.nl/toegankelijkheidstesten-tijdens-de-websitebouw/,https://www.properaccess.nl/toegankelijkheid-testen-tijdens-de-bouw/,301
https://www.properaccess.nl/training-in-digitale-toegankelijkheid/,https://www.properaccess.nl/diensten/,301
https://www.properaccess.nl/voor-ontwikkelaar/,https://www.properaccess.nl/training-devteams/,301
https://www.properaccess.nl/voor-ontwikkelaar/2/,https://www.properaccess.nl/training-devteams/,301
https://www.properaccess.nl/voor-webredactie/,https://www.properaccess.nl/trainen-van-webredactie/,301
https://www.properaccess.nl/voor-webredactie/2/,https://www.properaccess.nl/trainen-van-webredactie/,301
https://www.properaccess.nl/wat-we-doen/,https://www.properaccess.nl/diensten/,301
https://www.properaccess.nl/wcag-audit/,https://www.properaccess.nl/toegankelijkheidsaudit/,301
https://www.properaccess.nl/english/,https://www.properaccess.nl/en/,301
https://www.properaccess.nl/proper_access_in_english/,https://www.properaccess.nl/en/,301
https://www.properaccess.nl/solutions/,https://www.properaccess.nl/en/,301
https://www.properaccess.nl/feed/,https://www.properaccess.nl/index.xml,301
https://www.properaccess.nl/actueel/,https://www.properaccess.nl/blog/,301
https://www.properaccess.nl/artikeltype/nieuws/,https://www.properaccess.nl/blog/,301
https://www.properaccess.nl/blog-2/,https://www.properaccess.nl/blog/,301
https://www.properaccess.nl/blog-digitale-toegankelijkheid/,https://www.properaccess.nl/blog/,301
https://www.properaccess.nl/blog-digitale-toegankelijkheid/page/2/,https://www.properaccess.nl/blog/,301
https://www.properaccess.nl/blog-digitale-toegankelijkheid/page/3/,https://www.properaccess.nl/blog/,301
https://www.properaccess.nl/blog_digitale_toegankelijkheid/2/,https://www.properaccess.nl/blog/,301
https://www.properaccess.nl/category/nieuws/,https://www.properaccess.nl/blog/,301
https://www.properaccess.nl/test-digitale-toegankelijkheid-zelf/,https://www.properaccess.nl/tools/,301
https://www.properaccess.nl/tips-en-tools/,https://www.properaccess.nl/categories/tips-en-tools/,301
https://www.properaccess.nl/wcag-kennisbank/,https://www.properaccess.nl/academy/,301
https://www.properaccess.nl/wcag_wiki-archive/,https://www.properaccess.nl/categories/wcag-uitgelegd/,301
https://www.properaccess.nl/wcag_wiki/,https://www.properaccess.nl/categories/wcag-uitgelegd/,301
https://www.properaccess.nl/bedrijfsleven/,https://www.properaccess.nl/sectoren/,301
https://www.properaccess.nl/cultuur-sport-en-attracties/,https://www.properaccess.nl/inclusie-cultuur-sport-en-attracties/,301
https://www.properaccess.nl/gemeenten/,https://www.properaccess.nl/digitale-toegankelijkheid-overheid/,301
https://www.properaccess.nl/overheden/,https://www.properaccess.nl/digitale-toegankelijkheid-overheid/,301
https://www.properaccess.nl/webbouwer/,https://www.properaccess.nl/digital-agency/,301
https://www.properaccess.nl/webwinkels/,https://www.properaccess.nl/e-commerce-digitale-toegankelijkheid/,301
https://www.properaccess.nl/artikeltype-sitemap.xml,https://www.properaccess.nl/sitemap.xml,301
https://www.properaccess.nl/author-sitemap.xml,https://www.properaccess.nl/sitemap.xml,301
https://www.properaccess.nl/beperking-sitemap.xml,https://www.properaccess.nl/sitemap.xml,301
https://www.properaccess.nl/category-sitemap.xml,https://www.properaccess.nl/sitemap.xml,301
https://www.properaccess.nl/doelgroep-sitemap.xml,https://www.properaccess.nl/sitemap.xml,301
https://www.properaccess.nl/epkb_post_type_1-sitemap.xml,https://www.properaccess.nl/sitemap.xml,301
https://www.properaccess.nl/epkb_post_type_1_category-sitemap.xml,https://www.properaccess.nl/sitemap.xml,301
https://www.properaccess.nl/epkb_post_type_1_tag-sitemap.xml,https://www.properaccess.nl/sitemap.xml,301
https://www.properaccess.nl/page-sitemap.xml,https://www.properaccess.nl/sitemap.xml,301
https://www.properaccess.nl/post-sitemap.xml,https://www.properaccess.nl/sitemap.xml,301
https://www.properaccess.nl/post_tag-sitemap.xml,https://www.properaccess.nl/sitemap.xml,301
https://www.properaccess.nl/sitemap_index.xml,https://www.properaccess.nl/sitemap.xml,301
https://www.properaccess.nl/tag/1-1-1/,https://www.properaccess.nl/blog/sc-1-1-1-wat-betekent-niet-tekstuele-content/,301
https://www.properaccess.nl/tag/1-2-1/,https://www.properaccess.nl/blog/sc-1-2-1-wat-betekent-alleen-audio-of-alleen-video/,301
https://www.properaccess.nl/tag/1-2-2/,https://www.properaccess.nl/blog/sc-1-2-2-wat-betekent-ondertiteling-vooraf-opgenomen/,301
https://www.properaccess.nl/tag/1-2-3/,https://www.properaccess.nl/blog/sc-1-2-3-wat-betekent-audiodescriptie-of-media-alternatief-vooraf-opgenomen/,301
https://www.properaccess.nl/tag/1-2-4/,https://www.properaccess.nl/blog/sc-1-2-4-wat-betekent-ondertiteling-live/,301
https://www.properaccess.nl/tag/1-2-5/,https://www.properaccess.nl/blog/sc-1-2-5-wat-betekent-audiodescriptie/,301
https://www.properaccess.nl/tag/1-3-1/,https://www.properaccess.nl/blog/sc-1-3-1-wat-betekent-informatie-en-relaties/,301
https://www.properaccess.nl/tag/1-3-3/,https://www.properaccess.nl/blog/sc-1-3-3-wat-betekent-zintuigelijke-eigenschappen/,301
https://www.properaccess.nl/tag/1-3-4/,https://www.properaccess.nl/blog/sc-1-3-4-wat-betekent-orientatie/,301
https://www.properaccess.nl/tag/1-3-5/,https://www.properaccess.nl/blog/sc-1-3-5-wat-betekent-invoerdoel-identificeren/,301
https://www.properaccess.nl/tag/1-4-1/,https://www.properaccess.nl/blog/sc-1-4-1-wat-betekent-gebruik-van-kleur/,301
https://www.properaccess.nl/tag/1-4-10/,https://www.properaccess.nl/blog/sc-1-4-10-wat-betekent-reflow/,301
https://www.properaccess.nl/tag/1-4-11/,https://www.properaccess.nl/blog/sc-1-4-11-wat-betekent-contrast-ui/,301
https://www.properaccess.nl/tag/1-4-12/,https://www.properaccess.nl/blog/sc-1-4-12-wat-betekent-tekstafstand/,301
https://www.properaccess.nl/tag/1-4-13/,https://www.properaccess.nl/blog/sc-1-4-13-wat-betekent-inhoud-bij-hover-of-focus/,301
https://www.properaccess.nl/tag/1-4-2/,https://www.properaccess.nl/blog/sc-1-4-2-wat-betekent-audiobediening/,301
https://www.properaccess.nl/tag/1-4-3/,https://www.properaccess.nl/blog/sc-1-4-3-wat-betekent-contrast-minimum/,301
https://www.properaccess.nl/tag/1-4-5/,https://www.properaccess.nl/blog/sc-1-4-5-wat-betekent-afbeeldingen-van-tekst/,301
https://www.properaccess.nl/tag/2-1-1/,https://www.properaccess.nl/blog/sc-2-1-1-wat-betekent-toetsenbord-toegenkelijk/,301
https://www.properaccess.nl/tag/2-1-4/,https://www.properaccess.nl/blog/sc-2-1-4-wat-betekent-sneltoetsen-met-tekens/,301
https://www.properaccess.nl/tag/2-2-1/,https://www.properaccess.nl/blog/sc-2-2-1-wat-betekent-tijdslimiet-aanpassen/,301
https://www.properaccess.nl/tag/2-2-2/,https://www.properaccess.nl/blog/sc-2-2-2-wat-betekent-pauzeren-stoppen-of-verbergen/,301
https://www.properaccess.nl/tag/2-4-1/,https://www.properaccess.nl/blog/sc-2-4-1-wat-betekent-blokken-overslaan-in-wcag/,301
https://www.properaccess.nl/tag/2-4-11/,https://www.properaccess.nl/blog/sc-2-4-11-wat-betekent-focusweergave-minimum/,301
https://www.properaccess.nl/tag/2-4-2/,https://www.properaccess.nl/blog/sc-2-4-2-wat-betekent-paginatitels/,301
https://www.properaccess.nl/tag/2-4-3/,https://www.properaccess.nl/blog/sc-2-4-3-wat-betekent-focusvolgorde/,301
https://www.properaccess.nl/tag/2-4-4/,https://www.properaccess.nl/blog/sc-2-4-4-wat-betekent-doel-van-links-in-context/,301
https://www.properaccess.nl/tag/2-4-5/,https://www.properaccess.nl/blog/sc-2-4-5-wat-betekent-meerdere-manieren/,301
https://www.properaccess.nl/tag/2-4-6/,https://www.properaccess.nl/blog/sc-2-4-6-wat-betekent-koppen-en-labels/,301
https://www.properaccess.nl/tag/2-4-7/,https://www.properaccess.nl/blog/sc-2-4-7-wat-betekent-focus-zichtbaar/,301
https://www.properaccess.nl/tag/2-5-3/,https://www.properaccess.nl/blog/sc-2-5-3-wat-betekent-label-in-naam/,301
https://www.properaccess.nl/tag/2-5-7/,https://www.properaccess.nl/blog/sc-2-5-7-wat-betekent-sleepbewegingen/,301
https://www.properaccess.nl/tag/3-1-1/,https://www.properaccess.nl/blog/sc-3-1-1-wat-betekent-taal-van-de-pagina/,301
https://www.properaccess.nl/tag/3-1-2/,https://www.properaccess.nl/blog/sc-3-1-2-wat-betekent-taal-van-onderdelen/,301
https://www.properaccess.nl/tag/3-2-4/,https://www.properaccess.nl/blog/sc-3-2-4-wat-betekent-consistente-identificatie/,301
https://www.properaccess.nl/tag/3-2-6/,https://www.properaccess.nl/blog/sc-3-2-6-wat-betekent-consistente-hulp/,301
https://www.properaccess.nl/tag/3-3-1/,https://www.properaccess.nl/blog/sc-3-3-1-wat-betekent-foutidentificatie/,301
https://www.properaccess.nl/tag/3-3-2/,https://www.properaccess.nl/blog/sc-3-3-2-wat-betekent-labels-en-instructies/,301
https://www.properaccess.nl/tag/3-3-3/,https://www.properaccess.nl/blog/sc-3-3-3-wat-betekent-foutsuggestie/,301
https://www.properaccess.nl/tag/3-3-4/,https://www.properaccess.nl/blog/sc-3-3-4-wat-betekent-foutpreventie-juridisch-financieel-data/,301
https://www.properaccess.nl/tag/3-3-7/,https://www.properaccess.nl/blog/sc-3-3-7-wat-betekent-redundante-invoer/,301
https://www.properaccess.nl/tag/4-1-2/,https://www.properaccess.nl/blog/sc-4-1-2-wat-betekent-naam-rol-waarde/,301
https://www.properaccess.nl/tag/4-1-3/,https://www.properaccess.nl/blog/sc-4-1-3-wat-betekent-statusbericht/,301
https://www.properaccess.nl/wcag_wiki/tag/1-1-1/,https://www.properaccess.nl/blog/sc-1-1-1-wat-betekent-niet-tekstuele-content/,301
https://www.properaccess.nl/wcag_wiki/tag/1-3-3/,https://www.properaccess.nl/blog/sc-1-3-3-wat-betekent-zintuigelijke-eigenschappen/,301
https://www.properaccess.nl/wcag_wiki/tag/1-4-1/,https://www.properaccess.nl/blog/sc-1-4-1-wat-betekent-gebruik-van-kleur/,301
https://www.properaccess.nl/wcag_wiki/tag/1-4-10/,https://www.properaccess.nl/blog/sc-1-4-10-wat-betekent-reflow/,301
https://www.properaccess.nl/wcag_wiki/tag/1-4-4/,https://www.properaccess.nl/blog/sc-1-4-4-wat-betekent-tekst-vergroten/,301
https://www.properaccess.nl/wcag_wiki/tag/2-2-1/,https://www.properaccess.nl/blog/sc-2-2-1-wat-betekent-tijdslimiet-aanpassen/,301
https://www.properaccess.nl/wcag_wiki/tag/2-2-2/,https://www.properaccess.nl/blog/sc-2-2-2-wat-betekent-pauzeren-stoppen-of-verbergen/,301
https://www.properaccess.nl/wcag_wiki/tag/2-4-3/,https://www.properaccess.nl/blog/sc-2-4-3-wat-betekent-focusvolgorde/,301
https://www.properaccess.nl/wcag_wiki/tag/3-2-1/,https://www.properaccess.nl/blog/sc-3-2-1-wat-betekent-bij-focus/,301
https://www.properaccess.nl/wcag_wiki/tag/3-2-3/,https://www.properaccess.nl/blog/sc-3-2-3-wat-betekent-consistente-navigatie/,301
https://www.properaccess.nl/wcag_wiki/tag/3-3-1/,https://www.properaccess.nl/blog/sc-3-3-1-wat-betekent-foutidentificatie/,301
https://www.properaccess.nl/wcag_wiki/tag/3-3-2/,https://www.properaccess.nl/blog/sc-3-3-2-wat-betekent-labels-en-instructies/,301
https://www.properaccess.nl/wcag_wiki/tag/4-1-3/,https://www.properaccess.nl/blog/sc-4-1-3-wat-betekent-statusbericht/,301
https://www.properaccess.nl/artikeltype/auditpraktijk/,https://www.properaccess.nl/categories/achtergrond_wcag/,301
https://www.properaccess.nl/artikeltype/auditpraktijk/page/2/,https://www.properaccess.nl/categories/achtergrond_wcag/,301
https://www.properaccess.nl/artikeltype/auditpraktijk/page/3/,https://www.properaccess.nl/categories/achtergrond_wcag/,301
https://www.properaccess.nl/artikeltype/instructie_digitale_toegankelijkheid/,https://www.properaccess.nl/categories/tips-en-tools/,301
https://www.properaccess.nl/artikeltype/instructie_digitale_toegankelijkheid/page/2/,https://www.properaccess.nl/categories/tips-en-tools/,301
https://www.properaccess.nl/artikeltype/uitleg_wcag/,https://www.properaccess.nl/categories/wcag-uitgelegd/,301
https://www.properaccess.nl/artikeltype/uitleg_wcag/page/2/,https://www.properaccess.nl/categories/wcag-uitgelegd/,301
https://www.properaccess.nl/artikeltype/uitleg_wcag/page/3/,https://www.properaccess.nl/categories/wcag-uitgelegd/,301
https://www.properaccess.nl/beperking/auditieve-beperkingen/,https://www.properaccess.nl/tools/sc-per-beperking/,301
https://www.properaccess.nl/beperking/cognitieve-en-neurologische-beperkingen/,https://www.properaccess.nl/tools/sc-per-beperking/,301
https://www.properaccess.nl/beperking/motorische-beperkingen/,https://www.properaccess.nl/tools/sc-per-beperking/,301
https://www.properaccess.nl/beperking/visuele-beperkingen/,https://www.properaccess.nl/tools/sc-per-beperking/,301
https://www.properaccess.nl/category/achtergrond_wcag/,https://www.properaccess.nl/categories/achtergrond_wcag/,301
https://www.properaccess.nl/category/eaa-voor-bedrijven/,https://www.properaccess.nl/categories/de-eaa/,301
https://www.properaccess.nl/category/tips-en-tools/,https://www.properaccess.nl/categories/tips-en-tools/,301
https://www.properaccess.nl/category/tips-en-tools/page/2/,https://www.properaccess.nl/categories/tips-en-tools/,301
https://www.properaccess.nl/category/tips-en-tools/page/3/,https://www.properaccess.nl/categories/tips-en-tools/,301
https://www.properaccess.nl/category/wcag-uitgelegd/,https://www.properaccess.nl/categories/wcag-uitgelegd/,301
https://www.properaccess.nl/category/wcag-uitgelegd/page/2/,https://www.properaccess.nl/categories/wcag-uitgelegd/,301
https://www.properaccess.nl/doelgroep/webdeveloper/,https://www.properaccess.nl/categories/webdeveloper/,301
https://www.properaccess.nl/doelgroep/webdeveloper/page/2/,https://www.properaccess.nl/categories/webdeveloper/,301
https://www.properaccess.nl/doelgroep/webredactie/,https://www.properaccess.nl/categories/webredactie/,301
https://www.properaccess.nl/doelgroep/webredactie/page/2/,https://www.properaccess.nl/categories/webredactie/,301
https://www.properaccess.nl/doelgroep/webredactie/page/3/,https://www.properaccess.nl/categories/webredactie/,301
https://www.properaccess.nl/tag/ontwikkelaar/,https://www.properaccess.nl/categories/webdeveloper/,301
https://www.properaccess.nl/tag/webredactie/,https://www.properaccess.nl/categories/webredactie/,301
https://www.properaccess.nl/wcag_wiki/categorie/bedienbaar/,https://www.properaccess.nl/categories/wcag-uitgelegd/,301
https://www.properaccess.nl/wcag_wiki/categorie/begrijpelijk/,https://www.properaccess.nl/categories/wcag-uitgelegd/,301
https://www.properaccess.nl/wcag_wiki/categorie/robuust/,https://www.properaccess.nl/categories/wcag-uitgelegd/,301
https://www.properaccess.nl/wcag_wiki/categorie/waarneembaar/,https://www.properaccess.nl/categories/wcag-uitgelegd/,301
https://www.properaccess.nl/wcag_wiki/tag/ontwikkelaar/,https://www.properaccess.nl/categories/webdeveloper/,301
https://www.properaccess.nl/wcag_wiki/tag/schermlezer/,https://www.properaccess.nl/categories/wcag-uitgelegd/,301
https://www.properaccess.nl/wcag_wiki/1-3-2-betekenisvolle-volgorde-2/,https://www.properaccess.nl/blog/sc-1-3-2-wat-betekent-betekenisvolle-volgorde/,301
https://www.properaccess.nl/wcag_wiki/1-4-12-tekstafstand-wcag/,https://www.properaccess.nl/blog/sc-1-4-12-wat-betekent-tekstafstand/,301
https://www.properaccess.nl/wcag_wiki/2-1-1-toetsenbord-toegankelijkheid/,https://www.properaccess.nl/blog/sc-2-1-1-wat-betekent-toetsenbord-toegenkelijk/,301
https://www.properaccess.nl/wcag_wiki/2-4-5-meerdere-manieren-wcag/,https://www.properaccess.nl/blog/sc-2-4-5-wat-betekent-meerdere-manieren/,301
https://www.properaccess.nl/wcag_wiki/3-1-1-taal-van-de-pagina-wcag/,https://www.properaccess.nl/blog/sc-3-1-1-wat-betekent-taal-van-de-pagina/,301
https://www.properaccess.nl/wcag_wiki/4-1-3-statusbericht_toegankelijk/,https://www.properaccess.nl/blog/sc-4-1-3-wat-betekent-statusbericht/,301
https://www.properaccess.nl/wcag_wiki/bewegende-onderdelen-wcag/,https://www.properaccess.nl/blog/sc-2-2-2-wat-betekent-pauzeren-stoppen-of-verbergen/,301
https://www.properaccess.nl/wcag_wiki/consistente-navigatie-wcag/,https://www.properaccess.nl/blog/sc-3-2-3-wat-betekent-consistente-navigatie/,301
https://www.properaccess.nl/wcag_wiki/foutmeldingen-wcag/,https://www.properaccess.nl/blog/sc-3-3-1-wat-betekent-foutidentificatie/,301
https://www.properaccess.nl/wcag_wiki/labels-instructies-wcag/,https://www.properaccess.nl/blog/sc-3-3-2-wat-betekent-labels-en-instructies/,301
https://www.properaccess.nl/wcag_wiki/meerdere-manieren-wcag/,https://www.properaccess.nl/blog/sc-2-4-5-wat-betekent-meerdere-manieren/,301
https://www.properaccess.nl/wcag_wiki/on-focus-wcag/,https://www.properaccess.nl/blog/sc-3-2-1-wat-betekent-bij-focus/,301
https://www.properaccess.nl/wcag_wiki/sc-1-3-2-betekenisvolle-volgorde-2/,https://www.properaccess.nl/blog/sc-1-3-2-wat-betekent-betekenisvolle-volgorde/,301
https://www.properaccess.nl/wcag_wiki/taal-van-onderdelen-wcag/,https://www.properaccess.nl/blog/sc-3-1-2-wat-betekent-taal-van-onderdelen/,301
https://www.properaccess.nl/wcag_wiki/tag/focusvolgorde/,https://www.properaccess.nl/blog/sc-2-4-3-wat-betekent-focusvolgorde/,301
https://www.properaccess.nl/wcag_wiki/tag/leesvolgorde/,https://www.properaccess.nl/blog/sc-1-3-2-wat-betekent-betekenisvolle-volgorde/,301
https://www.properaccess.nl/wcag_wiki/tag/sc1-3-2/,https://www.properaccess.nl/blog/sc-1-3-2-wat-betekent-betekenisvolle-volgorde/,301
https://www.properaccess.nl/wcag_wiki/tag/sc_3-1-2_wcag/,https://www.properaccess.nl/blog/sc-3-1-2-wat-betekent-taal-van-onderdelen/,301
https://www.properaccess.nl/wcag_wiki/tag/toetsenbord/,https://www.properaccess.nl/blog/sc-2-1-1-wat-betekent-toetsenbord-toegenkelijk/,301
https://www.properaccess.nl/wcag_wiki/tijdslimiet-wcag/,https://www.properaccess.nl/blog/sc-2-2-1-wat-betekent-tijdslimiet-aanpassen/,301
https://www.properaccess.nl/wcag_wiki/wat-betekent-audiodescriptie-in-wcag/,https://www.properaccess.nl/blog/sc-1-2-5-wat-betekent-audiodescriptie/,301
https://www.properaccess.nl/wcag_wiki/wat-betekent-betekenisvolle-volgorde-in-wcag/,https://www.properaccess.nl/blog/sc-1-3-2-wat-betekent-betekenisvolle-volgorde/,301
https://www.properaccess.nl/wcag_wiki/wat-betekent-gebruik-van-kleur-in-wcag/,https://www.properaccess.nl/blog/sc-1-4-1-wat-betekent-gebruik-van-kleur/,301
https://www.properaccess.nl/wcag_wiki/wat-betekent-minimumcontrast-in-wcag/,https://www.properaccess.nl/blog/sc-1-4-3-wat-betekent-contrast-minimum/,301
https://www.properaccess.nl/wcag_wiki/wat-betekent-niet-tekstuele-content-in-wcag/,https://www.properaccess.nl/blog/sc-1-1-1-wat-betekent-niet-tekstuele-content/,301
https://www.properaccess.nl/wcag_wiki/wat-betekent-reflow-in-wcag/,https://www.properaccess.nl/blog/sc-1-4-10-wat-betekent-reflow/,301
https://www.properaccess.nl/wcag_wiki/wat-betekent-tekst-vergroten-in-wcag/,https://www.properaccess.nl/blog/sc-1-4-4-wat-betekent-tekst-vergroten/,301
https://www.properaccess.nl/wcag_wiki/wat-betekent-zintuiglijke-kenmerken-in-wcag/,https://www.properaccess.nl/blog/sc-1-3-3-wat-betekent-zintuigelijke-eigenschappen/,301
https://www.properaccess.nl/wcag_wiki/wcag4-1-2_naam/,https://www.properaccess.nl/blog/sc-4-1-2-wat-betekent-naam-rol-waarde/,301
https://www.properaccess.nl/blog/sc-3-3-7-wat-betekent-toegankelijke-authenticatie/,https://www.properaccess.nl/blog/sc-3-3-8-wat-betekent-toegankelijke-authenticatie/,301
https://www.properaccess.nl/accessible-name-que/,https://www.properaccess.nl/blog/accessible-name-que/,301
https://www.properaccess.nl/blog/accessibility_tree_voor_developers/,https://www.properaccess.nl/blog/accessibility-tree-voor-developers/,301
https://www.properaccess.nl/blog/gratis-eaa-scan-mkb/,https://www.properaccess.nl/blog/mini-audit-mkb/,301
https://www.properaccess.nl/blog/hoe-maak-ik-mijn-website-toegankelijk/,https://www.properaccess.nl/blog/hoe-maak-je-een-website-digitaal-toegankelijk/,301
https://www.properaccess.nl/blog/hoeveel_tijd_nodig_om_digitale_toegankelijkheid_te_leren/,https://www.properaccess.nl/blog/hoeveel-tijd-nodig-om-digitale-toegankelijkheid-te-leren/,301
https://www.properaccess.nl/blog/indeling-van-succescriteria-per-type-beperking/,https://www.properaccess.nl/tools/sc-per-beperking/,301
https://www.properaccess.nl/blog/kosten-wcag-naleving-webshop/,https://www.properaccess.nl/blog/wat-kost-wcag-audit-webshop/,301
https://www.properaccess.nl/blog/sc-2-4-7-focusindicator-die-opgaat-in-de-achtergrond/,https://www.properaccess.nl/blog/sc-2-4-7-onzichtbaar-contrast/,301
https://www.properaccess.nl/blog/sc-2-4-7-javascript-dat-de-focus-actief-verwijdert/,https://www.properaccess.nl/blog/sc-2-4-7-javascript-blur/,301
https://www.properaccess.nl/blog/sc-2-4-7-negatieve-outline-offset-die-de-focus-verbergt/,https://www.properaccess.nl/blog/sc-2-4-7-negatieve-offset/,301
https://www.properaccess.nl/blog/sc-2-4-7-outline-none-de-meest-destructieve-regel-in-css/,https://www.properaccess.nl/blog/sc-2-4-7-outline-none/,301
https://www.properaccess.nl/blog/sc-2-4-7-overflow-hidden-knipt-de-focusindicator-af/,https://www.properaccess.nl/blog/sc-2-4-7-overflow-hidden/,301
https://www.properaccess.nl/blog/submenu_dichtklappen/,https://www.properaccess.nl/blog/submenu-dichtklappen/,301
https://www.properaccess.nl/blog/toegankelijke_kopteksten_wcag/,https://www.properaccess.nl/blog/toegankelijke-kopteksten-wcag/,301
https://www.properaccess.nl/blog/toegankelijke_pin_automaat/,https://www.properaccess.nl/blog/toegankelijke-pin-automaat/,301
https://www.properaccess.nl/blog/toetsenbord_toegankelijk/,https://www.properaccess.nl/blog/toetsenbord-toegankelijk/,301
https://www.properaccess.nl/blog/wat-is-digitale-toegankelijkheid/,https://www.properaccess.nl/digitale-toegankelijkheid/,301
https://www.properaccess.nl/blog/wat-kost-toegankelijkheidsaudit-detail/,https://www.properaccess.nl/blog/wat-kost-een-toegankelijkheidsaudit/,301
https://www.properaccess.nl/browserstack-vs-proper-access-een-mini-experiment-met-automatische-toegankelijkheidstests/,https://www.properaccess.nl/blog/browserstack-vs-proper-access-een-mini-experiment-met-automatische-toegankelijkheidstests/,301
https://www.properaccess.nl/button-vreet-de-kop-op/,https://www.properaccess.nl/blog/button-vreet-de-kop-op/,301
https://www.properaccess.nl/checklist-toegankelijke-content/,https://www.properaccess.nl/blog/checklist-toegankelijke-content/,301
https://www.properaccess.nl/citaat-in-toegankelijke-pdf/,https://www.properaccess.nl/blog/citaat-in-toegankelijke-pdf/,301
https://www.properaccess.nl/digital_agency/,https://www.properaccess.nl/digital-agency/,301
https://www.properaccess.nl/digitale_toegankelijkheid_overheid/,https://www.properaccess.nl/digitale-toegankelijkheid-overheid/,301
https://www.properaccess.nl/eaa-onderwijs-stappenplan-toegankelijke-leeromgeving/,https://www.properaccess.nl/blog/eaa-onderwijs-stappenplan-toegankelijke-leeromgeving/,301
https://www.properaccess.nl/een-toegankelijk-iframe/,https://www.properaccess.nl/blog/een-toegankelijk-iframe/,301
https://www.properaccess.nl/en/digital-accessibility-government/,https://www.properaccess.nl/en/software-suppliers-dutch-government/,301
https://www.properaccess.nl/en/proper_access_in_english/,https://www.properaccess.nl/en/about-us/,301
https://www.properaccess.nl/en/quick-scan/,https://www.properaccess.nl/en/mini-audit/,301
https://www.properaccess.nl/google-lighthouse-als-toegankelijkheidstool/,https://www.properaccess.nl/blog/google-lighthouse-als-toegankelijkheidstool/,301
https://www.properaccess.nl/hoe-gebruikt-een-blinde-persoon-een-website/,https://www.properaccess.nl/blog/hoe-gebruikt-een-blinde-persoon-een-website/,301
https://www.properaccess.nl/hoe-geef-ik-een-applicatie-accessible-name/,https://www.properaccess.nl/blog/hoe-geef-ik-een-applicatie-accessible-name/,301
https://www.properaccess.nl/hoe-herken-je-niet-getagde-tekst-in-een-pdf/,https://www.properaccess.nl/blog/hoe-herken-je-niet-getagde-tekst-in-een-pdf/,301
https://www.properaccess.nl/hoe-maak-je-een-website-digitaal-toegankelijk/,https://www.properaccess.nl/blog/hoe-maak-je-een-website-digitaal-toegankelijk/,301
https://www.properaccess.nl/hoe-test-ik-focus-zichtbaarheid/,https://www.properaccess.nl/blog/hoe-test-ik-focus-zichtbaarheid/,301
https://www.properaccess.nl/hoe-test-ik-focusvolgorde/,https://www.properaccess.nl/blog/hoe-test-ik-focusvolgorde/,301
https://www.properaccess.nl/hoe-test-ik-kleurcontrast/,https://www.properaccess.nl/blog/hoe-test-ik-kleurcontrast/,301
https://www.properaccess.nl/hoe-test-je-elementen-die-op-hover-focus-of-klik-verschijnen-en-meteen-weer-verdwijnen/,https://www.properaccess.nl/blog/hoe-test-je-elementen-die-op-hover-focus-of-klik-verschijnen-en-meteen-weer-verdwijnen/,301
https://www.properaccess.nl/hoe-toegankelijk-is-het-dl-element/,https://www.properaccess.nl/blog/hoe-toegankelijk-is-het-dl-element/,301
https://www.properaccess.nl/hoe-toegankelijk-zijn-de-websites-van-de-grootste-opticiens/,https://www.properaccess.nl/blog/hoe-toegankelijk-zijn-de-websites-van-de-grootste-opticiens/,301
https://www.properaccess.nl/hoeveel_tijd_nodig_om_digitale_toegankelijkheid_te_leren/,https://www.properaccess.nl/blog/hoeveel-tijd-nodig-om-digitale-toegankelijkheid-te-leren/,301
https://www.properaccess.nl/home-b/,https://www.properaccess.nl/,301
https://www.properaccess.nl/huisstijlkleuren-software-contrastproblemen-wcag/,https://www.properaccess.nl/blog/huisstijlkleuren-software-contrastproblemen-wcag/,301
https://www.properaccess.nl/hulp-europese-toegankelijkheidswetgeving/,https://www.properaccess.nl/hulp-bij-europese-toegankelijkheidswetgeving/,301
https://www.properaccess.nl/indeling-van-succescriteria-per-type-beperking/,https://www.properaccess.nl/tools/sc-per-beperking/,301
https://www.properaccess.nl/interview-met-julia-tol-over-digitale-toegankelijkheid-in-het-financieel-dagblad/,https://www.properaccess.nl/blog/interview-met-julia-tol-over-digitale-toegankelijkheid-in-het-financieel-dagblad/,301
https://www.properaccess.nl/is-jouw-e-mailhandtekening-digitaal-toegankelijk/,https://www.properaccess.nl/blog/is-jouw-e-mailhandtekening-digitaal-toegankelijk/,301
https://www.properaccess.nl/kennisbank/,https://www.properaccess.nl/blog/,301
https://www.properaccess.nl/logo-toegankelijk-maken-wcag/,https://www.properaccess.nl/blog/logo-toegankelijk-maken-wcag/,301
https://www.properaccess.nl/meerdere-knoppen-met-dezelfde-naam/,https://www.properaccess.nl/blog/meerdere-knoppen-met-dezelfde-naam/,301
https://www.properaccess.nl/mini-audit/,https://www.properaccess.nl/webshop-quickscan/,301
https://www.properaccess.nl/overlay-toegankelijkheidstools-lossen-ze-echt-iets-op/,https://www.properaccess.nl/blog/overlay-toegankelijkheidstools-lossen-ze-echt-iets-op/,301
https://www.properaccess.nl/overlay-toegankelijkheidstools/,https://www.properaccess.nl/blog/overlay-toegankelijkheidstools-lossen-ze-echt-iets-op/,301
https://www.properaccess.nl/quickscan/,https://www.properaccess.nl/webshop-quickscan/,301
https://www.properaccess.nl/quiz-toegankelijke-content-webredactie/,https://www.properaccess.nl/tools/quiz-webredactie/,301
https://www.properaccess.nl/sc-1-1-1-wat-betekent-niet-tekstuele-content/,https://www.properaccess.nl/blog/sc-1-1-1-wat-betekent-niet-tekstuele-content/,301
https://www.properaccess.nl/sc-1-2-1-wat-betekent-alleen-audio-of-alleen-video/,https://www.properaccess.nl/blog/sc-1-2-1-wat-betekent-alleen-audio-of-alleen-video/,301
https://www.properaccess.nl/sc-1-2-2-wat-betekent-ondertiteling-vooraf-opgenomen/,https://www.properaccess.nl/blog/sc-1-2-2-wat-betekent-ondertiteling-vooraf-opgenomen/,301
https://www.properaccess.nl/sc-1-2-3-wat-betekent-audiodescriptie-of-media-alternatief-vooraf-opgenomen/,https://www.properaccess.nl/blog/sc-1-2-3-wat-betekent-audiodescriptie-of-media-alternatief-vooraf-opgenomen/,301
https://www.properaccess.nl/sc-1-2-4-wat-betekent-ondertiteling-live/,https://www.properaccess.nl/blog/sc-1-2-4-wat-betekent-ondertiteling-live/,301
https://www.properaccess.nl/sc-1-2-5-wat-betekent-audiodescriptie/,https://www.properaccess.nl/blog/sc-1-2-5-wat-betekent-audiodescriptie/,301
https://www.properaccess.nl/sc-1-3-1-wat-betekent-informatie-en-relaties/,https://www.properaccess.nl/blog/sc-1-3-1-wat-betekent-informatie-en-relaties/,301
https://www.properaccess.nl/sc-1-3-2-wat-betekent-betekenisvolle-volgorde/,https://www.properaccess.nl/blog/sc-1-3-2-wat-betekent-betekenisvolle-volgorde/,301
https://www.properaccess.nl/sc-1-3-3-wat-betekent-zintuigelijke-eigenschappen/,https://www.properaccess.nl/blog/sc-1-3-3-wat-betekent-zintuigelijke-eigenschappen/,301
https://www.properaccess.nl/sc-1-3-4-wat-betekent-orientatie/,https://www.properaccess.nl/blog/sc-1-3-4-wat-betekent-orientatie/,301
https://www.properaccess.nl/sc-1-3-5-wat-betekent-invoerdoel-identificeren/,https://www.properaccess.nl/blog/sc-1-3-5-wat-betekent-invoerdoel-identificeren/,301
https://www.properaccess.nl/sc-1-4-1-wat-betekent-gebruik-van-kleur/,https://www.properaccess.nl/blog/sc-1-4-1-wat-betekent-gebruik-van-kleur/,301
https://www.properaccess.nl/sc-1-4-10-wat-betekent-reflow/,https://www.properaccess.nl/blog/sc-1-4-10-wat-betekent-reflow/,301
https://www.properaccess.nl/sc-1-4-11-wat-betekent-contrast-UI/,https://www.properaccess.nl/blog/sc-1-4-11-wat-betekent-contrast-ui/,301
https://www.properaccess.nl/sc-1-4-12-wat-betekent-tekstafstand/,https://www.properaccess.nl/blog/sc-1-4-12-wat-betekent-tekstafstand/,301
https://www.properaccess.nl/sc-1-4-13-wat-betekent-inhoud-bij-hover-of-focus/,https://www.properaccess.nl/blog/sc-1-4-13-wat-betekent-inhoud-bij-hover-of-focus/,301
https://www.properaccess.nl/sc-1-4-2-wat-betekent-audiobediening/,https://www.properaccess.nl/blog/sc-1-4-2-wat-betekent-audiobediening/,301
https://www.properaccess.nl/sc-1-4-3-wat-betekent-contrast-minimum/,https://www.properaccess.nl/blog/sc-1-4-3-wat-betekent-contrast-minimum/,301
https://www.properaccess.nl/sc-1-4-4-wat-betekent-tekst-vergroten/,https://www.properaccess.nl/blog/sc-1-4-4-wat-betekent-tekst-vergroten/,301
https://www.properaccess.nl/sc-1-4-5-wat-betekent-afbeeldingen-van-tekst/,https://www.properaccess.nl/blog/sc-1-4-5-wat-betekent-afbeeldingen-van-tekst/,301
https://www.properaccess.nl/sc-1-4-5-wat-betekent-contrast-voor-niet-tekstuele-onderdelen/,https://www.properaccess.nl/blog/sc-1-4-5-wat-betekent-contrast-voor-niet-tekstuele-onderdelen/,301
https://www.properaccess.nl/sc-2-1-1-wat-betekent-toetsenbord-toegenkelijk/,https://www.properaccess.nl/blog/sc-2-1-1-wat-betekent-toetsenbord-toegenkelijk/,301
https://www.properaccess.nl/sc-2-1-4-wat-betekent-sneltoetsen-met-tekens/,https://www.properaccess.nl/blog/sc-2-1-4-wat-betekent-sneltoetsen-met-tekens/,301
https://www.properaccess.nl/sc-2-2-1-wat-betekent-tijdslimiet-aanpassen/,https://www.properaccess.nl/blog/sc-2-2-1-wat-betekent-tijdslimiet-aanpassen/,301
https://www.properaccess.nl/sc-2-2-2-wat-betekent-pauzeren-stoppen-of-verbergen/,https://www.properaccess.nl/blog/sc-2-2-2-wat-betekent-pauzeren-stoppen-of-verbergen/,301
https://www.properaccess.nl/sc-2-4-1-wat-betekent-blokken-overslaan-in-wcag/,https://www.properaccess.nl/blog/sc-2-4-1-wat-betekent-blokken-overslaan-in-wcag/,301
https://www.properaccess.nl/sc-2-4-11-wat-betekent-focusweergave-minimum/,https://www.properaccess.nl/blog/sc-2-4-11-wat-betekent-focusweergave-minimum/,301
https://www.properaccess.nl/sc-2-4-2-wat-betekent-paginatitels/,https://www.properaccess.nl/blog/sc-2-4-2-wat-betekent-paginatitels/,301
https://www.properaccess.nl/sc-2-4-3-wat-betekent-focusvolgorde/,https://www.properaccess.nl/blog/sc-2-4-3-wat-betekent-focusvolgorde/,301
https://www.properaccess.nl/sc-2-4-4-wat-betekent-doel-van-links-in-context/,https://www.properaccess.nl/blog/sc-2-4-4-wat-betekent-doel-van-links-in-context/,301
https://www.properaccess.nl/sc-2-4-5-wat-betekent-meerdere-manieren/,https://www.properaccess.nl/blog/sc-2-4-5-wat-betekent-meerdere-manieren/,301
https://www.properaccess.nl/sc-2-4-6-wat-betekent-koppen-en-labels/,https://www.properaccess.nl/blog/sc-2-4-6-wat-betekent-koppen-en-labels/,301
https://www.properaccess.nl/sc-2-4-7-wat-betekent-focus-zichtbaar/,https://www.properaccess.nl/blog/sc-2-4-7-wat-betekent-focus-zichtbaar/,301
https://www.properaccess.nl/sc-2-5-3-wat-betekent-label-in-naam/,https://www.properaccess.nl/blog/sc-2-5-3-wat-betekent-label-in-naam/,301
https://www.properaccess.nl/sc-2-5-7-wat-betekent-sleepbewegingen/,https://www.properaccess.nl/blog/sc-2-5-7-wat-betekent-sleepbewegingen/,301
https://www.properaccess.nl/sc-2-5-8-wat-betekent-doelgrootte-minimum/,https://www.properaccess.nl/blog/sc-2-5-8-wat-betekent-doelgrootte-minimum/,301
https://www.properaccess.nl/sc-3-1-1-wat-betekent-taal-van-de-pagina/,https://www.properaccess.nl/blog/sc-3-1-1-wat-betekent-taal-van-de-pagina/,301
https://www.properaccess.nl/sc-3-1-2-wat-betekent-taal-van-onderdelen/,https://www.properaccess.nl/blog/sc-3-1-2-wat-betekent-taal-van-onderdelen/,301
https://www.properaccess.nl/sc-3-2-1-wat-betekent-bij-focus/,https://www.properaccess.nl/blog/sc-3-2-1-wat-betekent-bij-focus/,301
https://www.properaccess.nl/sc-3-2-2-bij-invoer/,https://www.properaccess.nl/blog/sc-3-2-2-bij-invoer/,301
https://www.properaccess.nl/sc-3-2-3-wat-betekent-consistente-navigatie/,https://www.properaccess.nl/blog/sc-3-2-3-wat-betekent-consistente-navigatie/,301
https://www.properaccess.nl/sc-3-2-4-wat-betekent-consistente-identificatie/,https://www.properaccess.nl/blog/sc-3-2-4-wat-betekent-consistente-identificatie/,301
https://www.properaccess.nl/sc-3-2-6-wat-betekent-consistente-hulp/,https://www.properaccess.nl/blog/sc-3-2-6-wat-betekent-consistente-hulp/,301
https://www.properaccess.nl/sc-3-3-1-wat-betekent-foutidentificatie/,https://www.properaccess.nl/blog/sc-3-3-1-wat-betekent-foutidentificatie/,301
https://www.properaccess.nl/sc-3-3-2-wat-betekent-labels-en-instructies/,https://www.properaccess.nl/blog/sc-3-3-2-wat-betekent-labels-en-instructies/,301
https://www.properaccess.nl/sc-3-3-3-wat-betekent-foutsuggestie/,https://www.properaccess.nl/blog/sc-3-3-3-wat-betekent-foutsuggestie/,301
https://www.properaccess.nl/sc-3-3-4-wat-betekent-foutpreventie-juridisch-financieel-data/,https://www.properaccess.nl/blog/sc-3-3-4-wat-betekent-foutpreventie-juridisch-financieel-data/,301
https://www.properaccess.nl/sc-3-3-7-wat-betekent-redundante-invoer/,https://www.properaccess.nl/blog/sc-3-3-7-wat-betekent-redundante-invoer/,301
https://www.properaccess.nl/sc-3-3-7-wat-betekent-toegankelijke-authenticatie/,https://www.properaccess.nl/blog/sc-3-3-8-wat-betekent-toegankelijke-authenticatie/,301
https://www.properaccess.nl/sc-4-1-2-wat-betekent-naam-rol-waarde/,https://www.properaccess.nl/blog/sc-4-1-2-wat-betekent-naam-rol-waarde/,301
https://www.properaccess.nl/sc-4-1-3-wat-betekent-statusbericht/,https://www.properaccess.nl/blog/sc-4-1-3-wat-betekent-statusbericht/,301
https://www.properaccess.nl/skiplinks-issue-op-mijn-wordpress-website/,https://www.properaccess.nl/blog/skiplinks-issue-op-mijn-wordpress-website/,301
https://www.properaccess.nl/tabel-met-knoppen-om-in-de-kolommen-te-sorteren/,https://www.properaccess.nl/blog/tabel-met-knoppen-om-in-de-kolommen-te-sorteren/,301
https://www.properaccess.nl/toegankelijke-websites-van-politieke-partijen/,https://www.properaccess.nl/blog/toegankelijke-websites-van-politieke-partijen/,301
https://www.properaccess.nl/toegankelijke_kopteksten_wcag/,https://www.properaccess.nl/blog/toegankelijke-kopteksten-wcag/,301
https://www.properaccess.nl/toegankelijke_pin_automaat/,https://www.properaccess.nl/blog/toegankelijke-pin-automaat/,301
https://www.properaccess.nl/toegankelijkheidslabel-ontoegankelijk-plaatsen/,https://www.properaccess.nl/blog/toegankelijkheidslabel-ontoegankelijk-plaatsen/,301
https://www.properaccess.nl/toetsenbord_toegankelijk/,https://www.properaccess.nl/blog/toetsenbord-toegankelijk/,301
https://www.properaccess.nl/tools-om-contrast-te-checken/,https://www.properaccess.nl/blog/tools-om-contrast-te-checken/,301
https://www.properaccess.nl/video-transcript-de-makkelijkste-manier/,https://www.properaccess.nl/blog/video-transcript-de-makkelijkste-manier/,301
https://www.properaccess.nl/waarom-correcte-html-lijsten-het-verschil-maken-in-toegankelijkheid/,https://www.properaccess.nl/blog/waarom-correcte-html-lijsten-het-verschil-maken-in-toegankelijkheid/,301
https://www.properaccess.nl/wat-developer-moet-weten-over-de-eaa/,https://www.properaccess.nl/blog/wat-developer-moet-weten-over-de-eaa/,301
https://www.properaccess.nl/wat-ondernemers-vinden-van-de-eaa/,https://www.properaccess.nl/blog/wat-ondernemers-vinden-van-de-eaa/,301
https://www.properaccess.nl/zo-controleer-je-de-koppenstructuur-van-je-website/,https://www.properaccess.nl/blog/zo-controleer-je-de-koppenstructuur-van-je-website/,301
https://www.properaccess.nl/zo-werken-wij/heronderzoek/,https://www.properaccess.nl/hercontrole/,301
https://www.properaccess.nl/services-digitale-toegankelijkheid,https://www.properaccess.nl/diensten/,301
